"Latitude(deg)","Longitude(deg)","Txx","Txy","Txz","Tyy","Tyz","Tzz"
32.,50.,-147.26233220331403,-20.792248553515474,-80.10431463967518,-187.71264802520724,57.59195958265068,334.97498022866506
32.,50.1,229.2416206949503,14.876553227729735,-73.57102361406365,-117.24992602106012,0.01859822603299488,-111.9916946737463
32.,50.2,5.47157217087981,6.159888600159345,76.9363679269365,-114.42601755388412,46.25288373163736,108.95444538314793
32.,50.3,94.96700134183267,-39.836803168570526,19.33568721813466,-175.01885609648235,-27.773031169370316,80.05185475479334
32.,50.4,-22.82923000871959,29.706232599658392,12.256112111235009,-258.40311966420154,-66.50543548035289,281.23234967306496
32.,50.5,92.26433286929736,46.41475765744125,-154.82032472146653,-143.40980518698842,58.55059603762945,51.14547231783485
32.,50.6,143.75902971674196,-13.316336653014615,55.5786005376601,-65.89445764022801,97.46384421846155,-77.86457207637014
32.,50.7,5.88479031059957,-62.20254726150054,-7.747211136145932,-149.95013977099853,25.758344014220803,144.06534946054256
32.,50.8,125.44708089203233,-2.630314943349322,-34.08462787656545,-57.299555002809214,-55.911872204995994,-68.14752588907947
32.,50.9,15.453669010946797,2.694804292670108,5.007051927112805,-55.54852467378075,20.422508992762776,40.09485566297758
32.,51.,137.13940335389339,0.0744864438602342,13.739055179598068,-41.3624652704759,-38.343552667451924,-95.77693808327378
32.,51.1,-58.09690911333358,28.188987309404993,40.325317569578026,-139.41458864747875,21.643001487967563,197.511497760956
32.,51.2,145.54030980735536,24.069057863105982,-104.81076640438917,-132.26390565787642,19.166207656636416,-13.276404149335148
32.,51.3,40.53774525799596,15.98225144458115,61.031860796138176,-171.98227007352372,82.89601893204255,131.44452481567137
32.,51.4,103.38927442126727,-9.296205818034963,-75.60890504604862,-169.78726544188288,57.271870473037595,66.39799102075928
32.,51.5,80.58310706815749,-12.872711682393085,5.838637516401578,-157.8651317340383,42.685207196316654,77.28202466602444
32.,51.6,98.7085733299708,15.76648302667143,-17.279200615028557,-132.87170386886146,33.33589375857698,34.1631305390342
32.,51.7,73.70987168573448,-10.191053194555058,-29.864401138810784,-111.93400896365374,65.75899925436269,38.22413727806284
32.,51.8,105.87863683312159,-6.290566148496696,27.950403622651113,-128.732926562028,44.1030988818624,22.854289729050127
32.,51.9,106.06486480485282,-27.280439204472017,-81.41317168098215,-122.23459352970862,34.1034608227627,16.169728724999516
32.,52.,166.31188760902404,20.07452665577097,198.7338712270137,-146.72664256424392,26.779036361498946,-19.585245044636427
32.1,50.,-105.50959317049481,11.499668895335498,-84.74918961036724,-73.06794045652306,-167.35372117460733,178.57753362716159
32.1,50.1,279.1743831191256,100.57331354089993,18.834948031622154,-25.778004272737277,-66.87595377844113,-253.3963788462447
32.1,50.2,-148.42665245095893,-6.217059639778186,83.36188562948585,-16.31693266284467,92.74429950907896,164.7435851139472
32.1,50.3,151.1593395905876,-26.864169039517826,-167.49386663924173,8.099939338127697,-42.143077697884436,-159.25927892857166
32.1,50.4,60.94213628242613,16.70640390728108,61.6155869342935,135.99771952393974,22.309722817364808,-196.93985580622225
32.1,50.5,75.40376382390521,-26.94896794620257,57.50862492126106,-46.95271513588851,-42.86023091526911,-28.451048687873094
32.1,50.6,18.549624607114183,-4.9812184090893865,-35.235505430056804,-142.40731477765527,-28.375991108868433,123.85769017068475
32.1,50.7,103.43522241364099,13.406210662234354,-47.149419600993276,-37.229177240716886,-39.694522805768976,-66.20604517278026
32.1,50.8,98.98892096598996,-19.90365423443932,10.877300527629362,-74.39652532994968,25.76864921730131,-24.592395635896494
32.1,50.9,49.992911669225705,22.40547096564823,40.24886854690012,-98.57002004194953,-43.36895471919603,48.57710837286742
32.1,51.,71.25214480488957,-10.48068813576287,-35.907280274477856,-85.32403717970341,65.67632942547414,14.071892374957438
32.1,51.1,30.427796899824784,0.1545149747615014,21.971528091153658,-45.16411877585989,-37.89497483013814,14.736321876178929
32.1,51.2,85.46741110368345,-1.109398831781892,-56.48310620330213,-58.20402257157558,40.270677495621605,-27.263388531964168
32.1,51.3,58.447480134731165,-30.139160005375278,15.733175892140252,-85.88671414968674,-61.23061104392679,27.4392340150994
32.1,51.4,105.28683650346052,16.480115670363052,-51.61830013380184,-83.57496153624191,-47.298341986130175,-21.711874967075012
32.1,51.5,76.5794634133289,8.903916687076912,-4.649559287521813,-73.53052095976433,-18.274317400191936,-3.0489424534207012
32.1,51.6,128.58377737601214,-3.629067933679768,23.234023957678744,-88.3337578611492,-27.274318222291505,-40.250019514719135
32.1,51.7,7.662721703222601,11.882695080212923,-20.09518945852281,-107.06396275503698,5.181305767481344,99.40124105195801
32.1,51.8,141.40103259961052,-34.99891570318324,-34.068838718205704,-82.42413248369222,-40.962680418039895,-58.976900115774676
32.1,51.9,78.85537349052034,18.87332517610716,-52.929559572636485,-73.65297502652626,-22.526398165778616,-5.202398463850337
32.1,52.,171.73523606783323,-60.81964358885417,120.30672727567139,-55.72797976162627,-51.8416876852494,-116.0072563060632
32.2,50.,20.40453554625129,71.78972789865068,-60.61115237544588,8.666368267333269,78.18950461800435,-29.070903813440847
32.2,50.1,192.09600580088676,-25.043702508776896,225.45819731782578,-56.937863472145985,192.83936639885562,-135.15814232859722
32.2,50.2,-217.06060454051965,-72.85428710215344,-74.52804360620712,-220.92098066464655,-38.09921122858821,437.98158520530984
32.2,50.3,323.8723692662595,76.61986899157382,-25.41802051771291,-139.30247857228665,17.574437992343135,-184.56989069382925
32.2,50.4,-181.96662368633656,-7.3862417128415725,105.59614730006972,-271.59277575907817,123.12540991500991,453.5593994455585
32.2,50.5,169.26641329150016,-50.27090153547944,-258.69670303111894,-90.33845370108295,26.060765116899102,-78.9279595902734
32.2,50.6,82.24627138849658,15.012389814955455,87.5989002398957,-12.579310207475174,-15.911643133695707,-69.66696118087773
32.2,50.7,60.3854400895905,-17.053786903946275,-20.712742691382275,-89.3969509343233,25.89599265286424,29.01151084487635
32.2,50.8,88.62903258371851,15.984383139740745,-51.68188022862494,-58.65025584937241,-12.30105242222654,-29.978776734202402
32.2,50.9,92.939103240133,-27.786186548656318,78.74697349983781,-24.817040509920048,44.338206847417545,-68.12206273006923
32.2,51.,32.82376289647899,-19.612910846670317,-33.461563397739795,-108.08407055386587,-48.06116391710802,75.26030765753056
32.2,51.1,80.61809537567765,2.7344482131472283,64.86877439722933,-135.37463051237282,-7.771994139461393,54.756535136839005
32.2,51.2,9.71876287229729,-2.098428293720924,-94.69972947087113,-147.81081624463675,-26.282528198346796,138.0920533724832
32.2,51.3,124.07892400839592,5.8731407058859375,-29.88034901671104,-84.88707600920594,-20.545527113215332,-39.19184799904632
32.2,51.4,97.66036776944522,7.8743085404617785,-14.597843980135767,-76.1406772571092,4.724091952459388,-21.519690512192515
32.2,51.5,65.00668134871822,-7.35626264717261,9.273240822996723,-97.44655101674235,-10.074757238413408,32.439869668167674
32.2,51.6,127.36533315758365,-6.203127072685367,-17.711673971001677,-87.41124039691893,-0.3684200954559247,-39.954092760521156
32.2,51.7,20.481453291871702,3.2076945905137384,16.027212157168577,-92.5258576528023,-38.39256011022553,72.0444043610743
32.2,51.8,125.05169517642358,24.209403328544838,-64.0855906360865,-62.34377392080101,36.47997148821222,-62.707921255478894
32.2,51.9,82.47158215539659,-18.368432245039575,-10.9198160928812,-70.84390119657375,7.283976682252292,-11.627680958679058
32.2,52.,142.27315464095688,21.245907543586966,39.703863774938156,-67.09857037680467,21.841356285494616,-75.1745842640086
32.3,50.,8.480305220671752,30.20948094221764,152.1724051196919,-173.63774768794855,-12.588688155811711,165.15744246742045
32.3,50.1,-45.684634187682775,-84.33975837079434,-78.0044951363848,-189.65219300906352,-57.472250980476105,235.3368271968899
32.3,50.2,115.00526802336083,58.98344248435819,-89.20904337481242,-7.433226765406829,-146.72458853340575,-107.57204125781033
32.3,50.3,79.03832999976586,-17.048801136206688,49.983820825045505,-34.41313349361871,57.820551291564605,-44.625196506003576
32.3,50.4,25.497693052106065,-31.989274958029952,-3.0505890359827856,-2.1541935093898985,-194.00489329983262,-23.34349954257255
32.3,50.5,61.264050946790775,104.49442634329911,-20.120207552140513,-77.06366831543546,18.538501802635682,15.79961736878855
32.3,50.6,73.24421939441775,-41.177213311504886,-8.819309384554519,-107.8407766425266,32.82507596543186,34.596557248252466
32.3,50.7,71.37219323035569,8.27799668805428,-56.84814199198125,-61.15497390491187,-4.803159797506508,-10.21721932530032
32.3,50.8,123.69942670209431,-12.046554815264134,62.81293881489484,-90.42688761995694,16.587377676706403,-33.272539081993706
32.3,50.9,-14.126144537630523,-22.11686704794803,-16.88507802020089,-150.35444970985196,-9.227667682549084,164.48059424762633
32.3,51.,114.28452935509648,-8.737863408070671,-84.9675850721604,-45.254786367287025,-22.41534556979685,-69.02974298766594
32.3,51.1,71.754246664043,-24.47239685841735,19.70615398283848,-18.798371246159626,-58.00051003823514,-52.95587541773958
32.3,51.2,67.11173142449083,39.053833181922734,-26.001794536294888,-9.565322685727828,-50.40910951509066,-57.546408738619206
32.3,51.3,83.92581215927211,0.552802600981352,-2.824625999054252,-34.66296764426414,22.11771184014002,-49.26284451486431
32.3,51.4,83.17617179884539,-12.173074736297714,-7.408781110226741,-72.95986114624738,-17.24580544979211,-10.216310652454407
32.3,51.5,88.7168522643832,-3.023628699177616,-17.35541733865373,-62.144706341668815,-16.189381364167417,-26.572145922570762
32.3,51.6,89.57358340234106,-4.140176172655622,-6.748634739580709,-64.2201243249136,-15.35377501253678,-25.353459077284
32.3,51.7,99.33325795618568,-2.841459083639485,8.10583561409525,-58.01840450609942,-26.030426138701166,-41.31485344994255
32.3,51.8,48.765147611751196,7.94288176062917,16.106355231996652,-112.0706891957233,-7.048210837888014,63.30554158411581
32.3,51.9,110.70754609809214,0.22258400238426956,-87.67982653875202,-90.00639246257809,-8.41760385724371,-20.701153635370325
32.3,52.,185.49851350852077,1.3784141107051304,74.93763768746268,-81.0750750841648,-22.525196054665052,-104.42343842421234
32.4,50.,-22.546834770600654,4.19595878038481,111.17341522876124,-14.482578395516057,33.12009399185161,37.02941316626041
32.4,50.1,-6.154532040442518,7.015829694446619,-96.29087289742166,18.26783023868252,20.18831660219832,-12.113298198096398
32.4,50.2,149.0895029729697,-25.87353980288982,59.54782396073551,-80.56332517894138,32.185575333429746,-68.52617779388466
32.4,50.3,-22.789214401973723,7.993278305720175,17.381008365498477,-156.20154860569627,-32.80971085394543,178.9907630078137
32.4,50.4,114.7542085767221,3.0719786816809505,-57.18777252675072,-110.52041613150713,60.90377674307581,-4.23379244507135
32.4,50.5,32.66837071470326,-9.881514615419471,34.99297285324711,-101.10852799731279,-25.411435588453166,68.44015728275336
32.4,50.6,68.8374640881816,15.859850092419737,-61.20008915739622,-58.59272799224041,3.269491367584343,-10.24473609579757
32.4,50.7,68.86738957854543,-4.933393223075519,9.926533208254243,-83.89376331470649,-6.301800752827356,15.026373736304766
32.4,50.8,71.39846665209834,-22.32252916385891,-57.25301726370024,-61.000186575451686,-6.152975322975305,-10.398280076502985
32.4,50.9,93.07084550477522,-1.7083635951095597,-4.6979040784837505,-0.3009165663608826,-66.12671450263208,-92.76992893827068
32.4,51.,63.76671374715212,29.86665761988766,14.253044235864525,-61.09591220810853,6.2640237054333845,-2.670801538899757
32.4,51.1,83.6169281256948,-1.9025707966961218,-30.487437910842807,-70.66819113766716,36.77615349933167,-12.948736987883873
32.4,51.2,84.2330604479004,-11.031000869993804,43.82985402311222,-93.23129134742358,32.05320620655884,8.998230899666869
32.4,51.3,34.64928739565319,-7.928953615308982,-49.41597967211197,-116.80930688330625,7.503535335197303,82.16001948779665
32.4,51.4,118.85716939417985,-4.130017558884743,-33.72315310389521,-65.9840702927435,4.646526569341527,-52.87309910129278
32.4,51.5,84.72326659038063,-3.142080727440044,-5.616472517429001,-68.22736248008044,-2.4307018258446815,-16.49590411015644
32.4,51.6,91.14988766540627,6.4479978527910635,6.679069206877983,-71.146916830319,10.168514007016872,-20.002970834943646
32.4,51.7,69.30547081209707,-20.707958357409545,-25.935130188813325,-69.15807172446807,18.195593504153315,-0.14739908748529162
32.4,51.8,95.45187579187238,-10.338533454499728,-8.038113442270976,-48.180718938057794,-41.752205874080815,-47.27115685367089
32.4,51.9,98.07783297616731,15.84980459126955,-35.16812311316828,-64.06429478211582,-12.567939704568007,-34.01353819390776
32.4,52.,176.63258479722964,18.25441671672117,51.70974497072349,-71.60845052237279,8.080703723257972,-105.02413427471309
32.5,50.,-39.421068649244006,-3.9818759063568043,173.44874489740903,-197.2367684107661,-51.34784699938662,236.6578370601538
32.5,50.1,-34.65798180425878,47.84938742855031,-94.03564043742728,-188.9233364558687,-3.963003987080718,223.58131826027125
32.5,50.2,85.16925727481893,-20.200553137169695,-101.83381032983084,-38.686374372725105,40.52318254588481,-46.48288290195003
32.5,50.3,100.36099987865123,-41.768808602162565,25.306667893062016,-0.45761789469817415,-60.73606682297221,-99.90338198380921
32.5,50.4,49.28678232987696,12.518924745478063,-13.067197842512126,-50.38771189723669,-59.16471272296971,1.1009295675035284
32.5,50.5,105.34578117773694,2.4744383118166717,39.02908309705777,-68.01919105458308,-36.68182176675586,-37.32659012301021
32.5,50.6,5.613698370520879,26.842954917845955,2.2194526296787296,-123.82114995448808,-3.1730559063694947,118.20745158411093
32.5,50.7,87.02572103120696,-6.401623706948549,-64.26302079589894,-76.38143146103106,16.074627126715832,-10.644289570032234
32.5,50.8,87.24022496498176,20.054509704110448,0.7110242274379819,-74.61754130028696,-11.038617106366427,-12.622683664551067
32.5,50.9,69.25160281588964,15.511322389678357,-8.020238494063408,-84.75939383224454,68.7899383997524,15.507791016498436
32.5,51.,75.14836063944648,-31.449801947019928,-20.443160729138537,-53.86599152829646,23.65246744807677,-21.282369111006325
32.5,51.1,68.44281337698794,-9.331481883445568,-4.214559127333622,-70.76087713703188,-5.86615032357118,2.3180637601876315
32.5,51.2,82.07368254342032,-24.191210091781777,-41.31997280623649,-58.03267323036509,-36.31118040765369,-24.04100931291151
32.5,51.3,84.26632018714133,11.219545248489801,-6.762836145136891,-37.62198578792374,-49.23747428940788,-46.644334399073934
32.5,51.4,91.02284486662741,7.861429787520766,-13.313711958908229,-69.61840471441111,-17.75945217249159,-21.404440152072517
32.5,51.5,85.53504188557415,2.995605971281251,-7.709536201303042,-68.38731787380783,3.4947899720042854,-17.147724011622742
32.5,51.6,92.8697886599592,-15.994977948364618,6.460510611614909,-71.84726209932704,-7.96435906843678,-21.02252656048845
32.5,51.7,61.41223972354652,11.894492642704058,-21.290268346634313,-78.90751606905101,-11.626281252906615,17.495276345647973
32.5,51.8,105.60844861499649,1.2373797084373406,-10.881374640929787,-71.60568419734369,26.824348588239012,-34.00276441750915
32.5,51.9,90.14044273635264,-7.229687572504108,-43.74235260993601,-70.78149796933488,9.509336212048586,-19.358944766874135
32.5,52.,207.9207037541569,-16.326403399656215,90.90206114572922,-82.7466351725262,-5.368621384930061,-125.17406858148712
32.6,50.,50.21722492753709,-37.68193415237826,34.7433272464558,44.832442267516726,-70.30312562720394,-95.04966719491011
32.6,50.1,59.831020466549845,30.18638512260857,111.18927406549942,-6.294394161322657,-103.03481271320362,-53.536626305083566
32.6,50.2,-62.5002075723484,50.361510419740384,-1.5038435827266308,-137.63752439188158,27.34251093423896,200.13773196437367
32.6,50.3,108.2549622046767,-31.176595999469665,-106.21792949570867,-106.78547409594138,42.119441666823114,-1.4694881085917033
32.6,50.4,81.51272274269236,-12.65583398270573,10.65017030460907,-75.42109697816508,-17.97190160196434,-6.091625764383652
32.6,50.5,81.96087656973566,-16.515750618082095,-26.965388029690732,-53.31289906395064,-22.46933881083594,-28.64797750564141
32.6,50.6,69.55571911621917,-19.68211126959409,10.980586721723903,-26.96740660535791,-89.01013020399728,-42.58831251071746
32.6,50.7,66.45561916513907,44.25652237490018,-2.453235922850158,-70.26285987595219,-72.11001120090222,3.8072407109567887
32.6,50.8,81.82790313992268,3.9021257655376584,-16.65720608960877,-54.59224683557637,22.594939059795845,-27.23565630420269
32.6,50.9,70.5320414950624,-10.766232660895682,30.707551046510023,-75.58819655668802,-37.26930420518382,5.056155061769232
32.6,51.,42.638432722877674,5.938514213578146,-45.04890034416509,-101.71595116748145,-4.909404374129933,59.077518444747476
32.6,51.1,100.37348024835153,3.654962012554729,-37.599924744668655,-65.10789019943547,-20.767845719262635,-35.26559004877231
32.6,51.2,82.33440113342945,19.44723178118231,-20.273234854584704,-43.48404601542141,28.786324668253563,-38.85035511786444
32.6,51.3,90.48982911883732,8.6561337062003,-8.628456980802223,-47.58233036698289,41.33540000184756,-42.90749875171067
32.6,51.4,75.95564367041796,-4.769581417222317,-16.75020886560742,-15.702379211324015,67.38674740562499,-60.253264458950305
32.6,51.5,86.55537103491801,-30.198197731786298,-2.5133268587695987,-50.30046485851927,13.1657086784874,-36.25490617625512
32.6,51.6,89.15192089836825,-3.1785773799481687,-15.116957629790882,-67.28371032981201,7.734766001260892,-21.86821056841267
32.6,51.7,87.03708106767118,-8.889875570953121,-3.9028663576638714,-64.44306728382256,-3.274447432039572,-22.594013783704966
32.6,51.8,84.38887701075679,3.35803395680332,-6.585995810917807,-74.03048051531714,-9.54028760213915,-10.35839649529598
32.6,51.9,96.44624926470273,3.4858952193752435,-28.801502664670032,-71.4274884799628,-1.6329864908509766,-25.018760784596036
32.6,52.,131.92991874905232,-14.083418975478102,23.736297732536595,-58.83223654687929,5.76954231920317,-73.09768220202929
32.7,50.,-25.76823112144534,25.560412925746242,77.55429007400888,-115.83002659900231,93.1980929841091,141.59825772059136
32.7,50.1,76.11500608494111,-61.17910727899368,-21.934633553108082,-69.01406267495443,68.36688658712835,-7.100943409842925
32.7,50.2,-13.865618532016711,-31.43485977889761,28.73442829755128,-61.52095132740053,-64.62305053036366,75.386569859561
32.7,50.3,82.36475907813407,34.79038669359137,-87.88998227384988,-66.01595903401919,-31.109499775852775,-16.348800043971263
32.7,50.4,89.21563155743871,6.271449341727077,0.07747687530532588,-48.149904949705764,23.692961049222845,-41.06572660758924
32.7,50.5,86.89425697204848,11.912165611812416,-6.250968912571847,-50.437026666551645,14.51863473255537,-36.45723030535326
32.7,50.6,59.2064176062421,37.9873174124928,-20.30305751573751,-23.068077645825504,79.2204801415342,-36.138339960272916
32.7,50.7,85.6558101765742,-42.490508691956215,12.52527934033774,15.750939611352436,92.24879041224118,-101.40674978778293
32.7,50.8,52.39001987967636,-25.298310609007565,-3.2951230927916115,-78.83069977190118,-29.19760038227855,26.44067989236853
32.7,50.9,80.93435528854175,8.720375948369547,-15.461413222338365,-56.69627433705884,20.26337611736161,-24.23808095133917
32.7,51.,69.04695936908129,-0.854250242639991,-47.5154428650937,-28.71779337057857,-5.218928319570546,-40.32916599835904
32.7,51.1,105.85865437155682,22.768932324762506,29.08745364883066,-47.229847242212074,46.37761573075044,-58.62880712920115
32.7,51.2,51.38442901224869,-21.661122560995945,-39.953962625426826,-82.86362772679894,28.8071849334429,31.47919871469398
32.7,51.3,133.49589229790317,-2.078439194124712,42.292542688112825,-111.01670511016347,7.830870092696055,-22.47918718759602
32.7,51.4,2.2230082618865055,-0.33272551288438007,-11.042527831813997,-171.24134713084266,22.12787718589224,169.0183388690999
32.7,51.5,113.13794386479555,-7.649782380729442,-91.87307619045541,-112.2066638114093,15.405126430461152,-0.9312800532424488
32.7,51.6,101.78505719204163,-0.6269946425459121,-1.0829674889591425,-73.60191769942868,-1.8009519595456789,-28.183139492469255
32.7,51.7,88.57743013126036,0.9623129496369509,-21.414782031548935,-69.23375391777131,2.987356592540343,-19.343676213345475
32.7,51.8,92.02334360601779,6.067233716191359,9.88666991670863,-66.44801230864775,6.589154423458241,-25.575331297226544
32.7,51.9,88.01642050517421,-3.2461737108721906,-43.47487452318133,-66.66410544280059,4.606134588601844,-21.352315062229827
32.7,52.,171.21248026337173,26.327007387180526,81.29566674711312,-67.70475676065779,4.348396685002969,-103.50772350257023
32.8,50.,-3.08481861491164,-6.1961680499220595,116.89089338611393,-54.04583511470052,-45.35583150859122,57.13065372975594
32.8,50.1,-8.847761722112637,-18.066746814274854,-43.75461483823434,-99.88672196794057,-5.510495927458122,108.7344836901969
32.8,50.2,87.60241474627635,-6.791382889802909,-33.67864352319714,-78.70297632163943,-40.02527706357139,-8.899438424493246
32.8,50.3,63.09885265604563,2.695218456666136,-15.307509823781421,-83.28641861615515,-2.5960512297390705,20.187565960253245
32.8,50.4,97.33657488221981,5.06688344487152,-8.057802076394818,-93.97782551499792,-50.08620748393739,-3.3587493670781017
32.8,50.5,92.29591453727858,10.68588493779004,0.4729850091689407,-83.99922299915409,7.171208374135534,-8.29669153798087
32.8,50.6,84.93302231859762,0.25148523724668825,104.2430223281432,-152.09352649426117,-9.05759708218628,67.16050417580712
32.8,50.7,-55.35949717662278,20.400470733977592,-72.60043592101644,-182.0746877800516,53.202026723957644,237.434184956818
32.8,50.8,162.69617374965856,-33.53319596508579,-106.53207468655717,-53.5285607118673,46.14756504244406,-109.16761303764761
32.8,50.9,65.20798110932564,-7.938951162671697,61.31563999497156,-101.13450844918881,-0.9773386894388647,35.926527340006984
32.8,51.,78.80751305511886,1.2118929487108403,-57.28656690871716,-132.10395029083926,20.662527110986797,53.296437235864026
32.8,51.1,88.34639221227974,0.21352355671203357,12.971650422096856,-120.77053918878681,-13.545597909324728,32.42414697665072
32.8,51.2,30.80121913053447,9.25266937976195,-55.44831890450286,-74.28096259608394,24.309627685775702,43.47974346569312
32.8,51.3,123.2882839080944,-52.56686443771982,-61.1617244719973,-60.8796733244707,-31.990932220597347,-62.408610583479955
32.8,51.4,77.99314999534654,16.44448875453805,7.961993064938886,-22.27288689868461,-89.3323941972577,-55.720263096518224
32.8,51.5,90.11253733868377,29.09116973097279,-35.39373736766991,-45.74532734665474,-22.895727055020267,-44.367209991885225
32.8,51.6,91.50594153060602,14.60907405227669,13.532008995777815,-66.9764606269429,12.075184942980565,-24.52948090351962
32.8,51.7,88.81751771191483,-0.6031493841679605,-30.951809697927974,-68.58748196946078,10.791254123793168,-20.230035742310402
32.8,51.8,94.10757727459038,7.985388836275904,20.192584496684646,-66.92551115185725,6.459456915440082,-27.182066122589234
32.8,51.9,90.55569713239106,12.541084592056832,-36.2077389962851,-58.88839918028551,21.10114189069152,-31.667297951961967
32.8,52.,159.47375017459382,-18.96771364564649,67.19178885287235,-62.74864412166589,18.92617852812698,-96.72510605278431
32.9,50.,-60.005120677300496,-39.035909439616155,98.84589205812152,-96.6089780452928,91.46499864952969,156.61409872273697
32.9,50.1,43.99795393198762,-28.298547292406628,-111.58126355771958,-92.38261099533793,-36.749938580225844,48.38465706349397
32.9,50.2,90.70020494610478,5.182193162728108,-0.04014772457933358,-59.44827231102614,14.598030709243595,-31.251932634934946
32.9,50.3,85.81608375557451,18.69234159780986,-39.0278164576929,-51.19334944005753,-31.704616768537,-34.62273431537331
32.9,50.4,84.69238694635297,22.673347039647727,40.34027630631576,-19.298191042632148,90.59684599825854,-65.39419590357716
32.9,50.5,35.496992728101084,-53.91774375260225,-20.904587949878817,-65.23238304401286,25.71379980740538,29.735390316055472
32.9,50.6,119.43921838268571,-51.02638371815746,-12.302464376851152,-45.35023780370373,-45.01762064440802,-74.08898057883837
32.9,50.7,20.60982255878875,4.982019726030079,64.48771183731458,-80.2978946697706,-107.02408538308349,59.6880721111256
32.9,50.8,41.07166199466319,23.767380230362267,-102.74439794724961,-151.1178244912275,-14.704802011360167,110.046162496708
32.9,50.9,117.61902488114549,-24.141035526287418,-40.192895139192416,-76.31179884780947,-47.049994644181886,-41.30722603319227
32.9,51.,90.76805757746516,16.948243774834705,-50.11096278328514,-41.68878984407922,-73.11107941253758,-49.079267733242396
32.9,51.1,110.57145372333291,22.63017592996854,63.598564133953396,-42.33675975492537,-5.607234973723949,-68.23469396826377
32.9,51.2,-22.13006881311577,-3.959576678295247,-37.600827039727115,-111.25708957338323,-13.712603258360623,133.38715838664265
32.9,51.3,141.98954881223682,36.24829756684771,-98.0460647458314,-66.84726568879384,23.218794592716957,-75.1422831232993
32.9,51.4,90.23550685940694,-8.111164324976151,29.930269504158193,-70.59845553518957,45.71239026881039,-19.637051324073752
32.9,51.5,82.28593246579956,6.796122939964948,-34.8352595605926,-75.90632814657751,19.669731008306346,-6.379604319078317
32.9,51.6,89.16900314822291,-5.0609348617772865,5.370569019711184,-66.65795231893455,0.21597912283263998,-22.511050829144626
32.9,51.7,89.57927971238468,10.03961806806273,-28.970611936281912,-67.07431553980716,-3.579384410060484,-22.504964172433855
32.9,51.8,107.6997244801074,9.596230628287902,36.0223839671175,-69.1711917663774,5.7295907908798975,-38.5285327135864
32.9,51.9,71.06149667257463,-3.42836394928955,-17.92661294142929,-91.69183375958454,20.41433843876285,20.630337087153652
32.9,52.,169.03213569243604,26.555477097027843,77.06723588669566,-94.79249573212888,31.216177516659258,-74.23963996016356
33.,50.,-116.68115739228101,-23.150864834587274,17.698770192371022,-141.66617310343162,-79.37033414874959,258.34733049585606
33.,50.1,143.2599301122927,11.784373453814915,-98.64486595411081,-78.15177715960034,-48.63199892365106,-65.10815295254872
33.,50.2,57.890607563176744,36.4038053425869,20.0333849560448,-83.1024344424676,-29.225058283643477,25.211826879434398
33.,50.3,121.6719255943993,4.680531739532049,23.20711674799332,-60.018986294959426,65.75850659168425,-61.652939299296136
33.,50.4,-0.2111558428241267,-34.304549890308344,46.53759266824525,-156.0000418535837,-18.214940214687804,156.2111976965513
33.,50.5,54.86076348901345,10.919865433927237,-83.36975662296425,-105.862747094978,16.349234922515038,51.00198360610821
33.,50.6,86.09369259447286,-24.342220474104735,-40.43150502783385,-92.6002524247463,29.140755527368686,6.5065598304171255
33.,50.7,70.43664030110429,-31.57581707372569,-32.63424488774245,-48.46519516476002,-10.990693673678992,-21.971445136200785
33.,50.8,78.96900268981044,14.032863999665203,-43.11546137309321,-21.441327394181442,-61.482069706925294,-57.527675295485196
33.,50.9,85.36029129852417,35.78108262729512,-14.417422277080476,-50.9695785227383,14.138594630008312,-34.39071277564209
33.,51.,105.61854846011838,11.940425536017395,-7.885772364138784,-58.11787774317059,49.53808359079274,-47.500670716804215
33.,51.1,27.849193770118184,-38.8641760039207,10.394848608378533,-82.47881393763981,15.163067208857385,54.629620167665315
33.,51.2,88.64383706892858,7.148537407885344,-82.30188202606527,-34.6488091182282,-68.66242818956883,-53.995027950556725
33.,51.3,82.39862851437856,24.707118209962672,11.765789384006148,-65.96223893295033,-11.684673479038638,-16.436389581284597
33.,51.4,96.29298186815481,8.104506362120684,-44.23613027027478,-57.995385037947614,-19.445243430744487,-38.2975968300634
33.,51.5,81.33271378590682,14.867125566356053,7.695306818794554,-52.41357903015111,0.5287401911413367,-28.919134755612188
33.,51.6,91.52027944157689,15.406825356424324,-11.460595949504834,-60.94858211233597,17.015812033196653,-30.571697329097248
33.,51.7,84.65002098986791,10.268625321755476,-12.777971072313646,-52.58095129989606,36.396437628662234,-32.069069689828176
33.,51.8,94.2023204663081,-9.130810978348016,42.77717120477041,-59.015129078033524,40.38068147502803,-35.187191388130884
33.,51.9,68.0800982340118,-20.182069412451764,-61.168206775843075,-61.46162147825912,7.136333743870412,-6.618476755609071
33.,52.,184.98294181573073,-36.12168692594598,146.79674230113866,-85.71827396927817,-17.612252081771473,-99.26466784630897
33.1,50.,48.23213491923613,-23.89540298778148,20.859657938061275,-22.24305938487818,-71.87822606818706,-25.98907553421428
33.1,50.1,82.861572905385,35.16902110230785,-36.98323304675962,-61.600473281642095,22.458743277213706,-21.261099623599215
33.1,50.2,116.38621719082118,-11.54391240796382,92.96059403081901,-83.51230382029057,40.56237006194054,-32.87391337038696
33.1,50.3,-23.190639648876044,-21.917460933759976,-15.128582439532451,-161.44505672114985,22.253314823339615,184.6356963701696
33.1,50.4,114.80121177439187,-22.47557602818306,-43.7947582817663,-78.81393238788675,-12.335477703219487,-35.98727938636154
33.1,50.5,9.830243654289788,-4.4463180899540236,-5.6680127849544855,-115.06915722518471,-35.90991560202042,105.23891357103858
33.1,50.6,103.1721317678882,10.703125067728168,-87.96020079931131,-75.99666119662214,-43.84223510447389,-27.17547057112245
33.1,50.7,67.93952629805676,19.603288325206503,-5.326594563923136,-67.89497427549739,-22.506838452977032,-0.04455202241552714
33.1,50.8,86.18939957765015,9.277016988821256,-44.8239820903889,-65.28232366109296,17.177676358831842,-20.907075916413554
33.1,50.9,86.50738043625036,-8.235635532203663,-1.0377932196963204,-66.9594680733258,-19.28905270485672,-19.54791236278091
33.1,51.,62.33894451715733,0.9682485126308027,-0.17200985484675613,-85.950398004934,-18.626570191184072,23.611453487920276
33.1,51.1,56.5294623607428,13.96714592321776,-47.227751049967935,-68.76256329424886,-29.419376309081446,12.233100933649686
33.1,51.2,84.24483838275853,26.55691627546269,-24.48095173792687,-63.130236729508454,42.04547728839687,-21.11460165310651
33.1,51.3,85.53882517466492,-4.727724680182244,-34.86373989010779,-57.02733284163405,10.553499132003047,-28.511492332887244
33.1,51.4,85.99296241761968,14.242945763611662,4.721468136618462,-61.73279802938804,14.230671999642965,-24.260164388088004
33.1,51.5,83.16146042375337,-1.62104589458224,-24.848330696106693,-66.6549995224718,-7.639742108033417,-16.50646090113775
33.1,51.6,92.66132885379724,4.852729450939329,22.736314414916194,-69.3097464591736,-0.30926929042454854,-23.3515823944799
33.1,51.7,76.7040846086282,4.460033648917248,8.10186042232044,-97.7894255758842,3.9613964821920327,21.085340967399745
33.1,51.8,68.26657979471481,-12.583400216283774,10.46688925565538,-99.79644590547727,11.80039973339105,31.529866110905978
33.1,51.9,82.54453528262093,14.759542430006995,-16.996859540783184,-97.52225180604178,25.81802242141121,14.97771652356448
33.1,52.,92.00729234747921,-53.650430365651964,3.765261655367447,-69.7180457253467,62.13047843624261,-22.289246621988926
33.2,50.,54.115680880314315,-12.062559494667685,-31.42327138703118,-95.47084369159393,43.053030924424995,41.3551628114234
33.2,50.1,105.89990501406794,-34.38956726013212,10.286887882012664,-104.82825211745063,-64.06366031920386,-1.0716528964737355
33.2,50.2,44.24751926231755,-29.208467368862337,2.9330405386395952,-113.61889158653491,-59.532785764027636,69.37137232436103
33.2,50.3,73.83632380325548,-12.027463979572829,-19.46284187023895,-70.97219304326022,-124.60530387536619,-2.864130759851578
33.2,50.4,48.4944018978325,16.47533136499711,-24.510128873361772,-97.13759771426199,-65.84677601289091,48.643195816573154
33.2,50.5,96.51490365919666,24.834914473854884,-36.87433980337532,-52.49441951180185,-66.69237155103714,-44.0204841472511
33.2,50.6,57.687626508065385,53.044647585908066,-1.4748728660480417,-59.37936734813387,27.17133440717737,1.691740840212344
33.2,50.7,72.80942345690622,5.52860613209225,-28.2280282758843,-34.638492628372056,48.167780188038066,-38.170930828390574
33.2,50.8,58.883585690567735,5.77195547318128,-12.729420379981704,-54.463240000252114,31.726397597433508,-4.4203456901720095
33.2,50.9,73.79507048509883,-0.09493451115079228,-29.834888471264637,-55.26149419537617,47.68698548626685,-18.533576289578864
33.2,51.,68.34951320649412,-14.168934701235257,-30.390178552184103,-45.89873930167225,2.776974090145885,-22.45077390467837
33.2,51.1,80.82875154103345,10.411428502002293,-7.99458595013877,-41.24420133870822,0.7007861529854278,-39.58455020218161
33.2,51.2,62.94614799945344,1.3715373736600456,-24.775399059576465,-64.85396361117756,-23.784983518030202,1.9078156118677743
33.2,51.3,93.48561039709342,33.81999464401579,-16.960042299238726,-53.870999664639086,5.148271402527373,-39.61461073231062
33.2,51.4,77.68507517721359,23.98642734114256,-9.763783799129413,-41.63547025825854,31.052330495554873,-36.049604918811376
33.2,51.5,66.07907441172436,22.04671233697846,2.23393630966647,-6.710409032517404,87.44328172915735,-59.36866537906326
33.2,51.6,73.1232452140898,-36.06681125938191,-24.331168419091952,-19.493225149386035,49.310739127510104,-53.63002006456014
33.2,51.7,96.60931022326956,-12.280598068876227,27.121045973658234,-29.380665675454296,17.97995573984188,-67.22864454767172
33.2,51.8,46.18500548966591,-19.08830640300646,6.927573463081477,-54.26979163094565,33.70143834383488,8.084786141423326
33.2,51.9,97.31328806731092,-57.59540185930452,-7.501139312354697,-96.40423993574822,-11.939579396854178,-0.9090481314189756
33.2,52.,81.36494790459534,20.0948176440122,23.457225234924458,-140.8792722792008,-59.05253094522539,59.514324374749194
33.3,50.,-9.91046178065308,42.109597423121244,8.785091980141614,-67.08947991265795,-55.9202291759437,76.99994169345457
33.3,50.1,92.25284271552167,2.6734691172280627,-51.26152716321472,17.535124448033017,67.87896031445355,-109.7879671634108
33.3,50.2,57.8986943745918,-43.55254916906035,-2.081206729645398,-15.845686000682363,-16.46380006665394,-42.0530083737658
33.3,50.3,91.22047903438771,5.579237623988478,-19.665899036426445,-35.34992045992265,6.7036524196157075,-55.870558574321265
33.3,50.4,68.62355882664926,-3.6862000726570843,-5.497101152734905,-35.33383492549382,-5.906760344861597,-33.28972390101172
33.3,50.5,103.30853226779593,9.644659677621437,0.6333075751491979,-66.11476333800971,5.766298543787288,-37.19376892964251
33.3,50.6,69.0924729393516,11.48326513604145,63.88365827193757,-97.47226862306172,-13.025132701783086,28.37979568385373
33.3,50.7,7.4653249673230775,8.849571844123659,-11.760973809412716,-160.61653587418746,16.536440994951842,153.15121090700796
33.3,50.8,85.50866358229594,5.186229766829163,-48.84965088976798,-134.12412858439387,-6.353926606515999,48.61546500224165
33.3,50.9,50.10182336355841,10.49749618911424,-20.50464334496492,-117.99141807869063,-8.024834730646424,67.88959471527595
33.3,51.,90.39006404930404,32.031022637202064,-25.537824082551943,-97.41200581370838,23.340879449355278,7.02194176454803
33.3,51.1,38.00219523557832,-7.701575455060439,-25.572175052528657,-94.02574529957386,45.29172100756676,56.02355006413921
33.3,51.2,118.33519010303858,17.876426455892233,-28.674561811150404,-75.32804817055653,15.361067953370082,-43.00714193233844
33.3,51.3,59.69300922837262,4.158638546813482,13.171344865594682,-86.64545005597645,44.92915461361977,26.952440827747417
33.3,51.4,121.60800379315143,3.688975552257947,34.12169796946361,-112.6150913628958,10.99234801270032,-8.99291243011193
33.3,51.5,0.20898763738220794,20.165853540890655,58.14795464993853,-175.89936896061045,37.124338241966676,175.69038132337187
33.3,51.6,53.479775606903885,3.0638734925025783,-70.85284764949132,-143.95516613308894,97.57798377691414,90.47539052632875
33.3,51.7,90.17155668152867,-47.505213796731745,-2.1675998682624407,-138.04298670489578,73.08285549546058,47.87143002351066
33.3,51.8,28.470501994912652,-42.303172690319336,-13.698935752699233,-147.44049779319153,12.990269103172771,118.96999579842269
33.3,51.9,98.7241685068689,-23.614545089443723,-144.4209886937007,-93.99807598338077,-27.045782718154495,-4.726092523344604
33.3,52.,182.0934597328104,-17.5157484197916,66.48366717205202,-36.032930442743606,-42.623248746021645,-146.06052928992307
33.4,50.,102.5434928076129,17.812611347084697,130.02862731702857,-86.38476033781494,3.627686620000711,-16.15873246965417
33.4,50.1,-73.2832833634455,2.91353809947733,-17.475190024467803,-191.89254848575524,26.180126672130886,265.1758318493443
33.4,50.2,119.73990631901438,-8.82248386074669,-139.93923855912547,-84.04087475022452,12.437288108112327,-35.69903156864622
33.4,50.3,88.08500224624918,-15.15780752212724,18.43116042122703,-55.307529355637016,-20.789004426032008,-32.77747289046837
33.4,50.4,83.11408242073485,-0.9951841357106053,-35.71830702767188,-59.643655892995184,-32.44941079569047,-23.47042652759596
33.4,50.5,93.92086374066106,6.407816768806294,23.88798031663766,-59.51763251269178,-17.267698627870224,-34.40323122782546
33.4,50.6,42.576811053927756,-28.382892924558146,11.762005855171326,-73.75468548813814,-21.288690837818095,31.177874434353996
33.4,50.7,61.58302217073741,4.505783238698118,-33.97844096985517,-42.42201437784533,-94.65924784613323,-19.16100779274838
33.4,50.8,68.43445915954706,30.579545996655387,17.234092208017593,-55.8598988650318,-34.13582116984434,-12.574560294371606
33.4,50.9,57.433093884220185,14.434671850870496,-26.78635447265932,-67.99718565041452,-20.046756734639178,10.56409176633779
33.4,51.,72.59960476952219,-0.5355560344225465,19.824520900309956,-80.06762345218392,-30.42280627434492,7.468018682805397
33.4,51.1,42.422339336745054,25.184559598341004,-38.978634718052305,-80.69402154781577,-45.17844819941475,38.2716822112142
33.4,51.2,108.00902947130191,3.649833994090258,-2.568261841568054,-75.19161067679501,-1.1151238426694419,-32.817418794363334
33.4,51.3,60.1076222941713,16.591919956779794,17.200389556883916,-79.97126991577153,-23.49997597228156,19.863647621743983
33.4,51.4,75.57012409100199,-5.634919112229623,-3.8064785733107698,-55.6122669883764,42.98868583095734,-19.957857102482013
33.4,51.5,54.61907772188767,-48.85638384450848,50.472185829660845,-44.50409532975263,-27.91342517384031,-10.114982391991372
33.4,51.6,3.048166174063766,-20.774461311972427,-10.413505289122792,-124.94043266465599,-73.99681341742576,121.89226649073576
33.4,51.7,73.96694092816709,-22.587194736169245,-67.52062560187356,-122.74572135419737,-71.58313527246811,48.77878042617392
33.4,51.8,74.98663449044858,-1.9138906158390128,-54.22550253225851,-91.47680170770205,-85.51718941286747,16.490167217397214
33.4,51.9,115.16750929583851,32.129986119995216,-46.058487163564465,-75.79223875112466,-14.153355354177489,-39.37527054457021
33.4,52.,145.49306350342871,-9.1287238693935,-14.286023024581748,-97.6600667554462,1.8691245523572926,-47.83299674783872
33.5,50.,20.200384060832064,-37.10549023440822,46.811592772224785,-49.980514306178854,-43.482974013012495,29.78013024549054
33.5,50.1,64.69752379821735,15.320601873662241,-13.81058789310595,-2.0421740064984277,-135.74219280856764,-62.655349791575276
33.5,50.2,29.966298544750856,51.14698715888591,-9.54247752473732,-75.03326288671187,-7.520388600731274,45.066964342104654
33.5,50.3,96.52999044204391,8.754360184376054,-44.48371218709535,-68.03105009718658,20.1798845602533,-28.49894034471369
33.5,50.4,72.51223452801463,2.6790219418853805,-6.410657746245612,-54.95964300110002,39.25091923559316,-17.55259152677103
33.5,50.5,80.25576635629608,-21.271983737390535,-1.0573128994157344,-59.54848172210325,8.352154486715026,-20.707284634049124
33.5,50.6,61.6619329562142,6.908483239621249,-12.583359289386113,-43.69226516020186,-22.11430702218913,-17.969667795868627
33.5,50.7,72.1265174699876,11.134505944045506,12.606248086472812,-54.920590984757176,29.25080062872861,-17.205926485086824
33.5,50.8,63.34482403711153,-11.895245183415529,-4.080431546611905,-70.2710828353499,-7.054792496744856,6.926258798381925
33.5,50.9,63.45217691997372,16.267470382576676,11.096084127658749,-73.72025225845242,-13.5444066208701,10.26807533862236
33.5,51.,68.13877405153588,27.137933147459982,-4.937259813751639,-67.91812840933935,19.13909943061538,-0.22064564205296122
33.5,51.1,46.57706488696722,-0.541960704657464,2.5503356719445245,-53.185236675665905,42.80859819628263,6.60817178884232
33.5,51.2,96.84157797088426,15.187973749753839,-9.484645541560456,-66.44862375634777,10.500819507345415,-30.392954214392788
33.5,51.3,56.261977394909465,-20.78080655876475,48.07008953532505,-56.95094344451498,63.045412622295,0.6889660497492576
33.5,51.4,57.60384859826993,-30.625367382882285,35.98601473506934,-147.09325035233425,-16.225074317370805,89.48940175420792
33.5,51.5,4.12991388864495,-2.965676981878919,-33.65911415472242,-137.13374216059742,28.614562148960704,133.00382827209606
33.5,51.6,60.34228304310128,-23.266371535552203,-62.91171531739643,-46.48560449598007,10.920347026116236,-13.856678546977534
33.5,51.7,55.217920052115176,-27.727660977874756,-78.14112002666333,-40.32137973730523,-5.530547684057426,-14.896540314666325
33.5,51.8,142.84735369401733,-4.678689380842197,-16.037648315938537,-57.48747747557786,-45.26977390780147,-85.35987621829578
33.5,51.9,65.01856985888536,-4.202346643341146,-41.59835631369416,-85.90414957355605,-39.036135192233225,20.88557971481437
33.5,52.,179.38356771680915,21.4220744154164,10.139869404855517,-56.542763723745125,-46.272147023108026,-122.84080399292036
33.6,50.,1.0390105323720036,24.067331587266153,30.786752417747238,-37.97891182814323,28.218806085834885,36.93990129591502
33.6,50.1,66.14060270476,-17.936454586042125,-19.034684368371163,-51.61649403923041,54.567896512992775,-14.524108665385953
33.6,50.2,58.68223379582969,-6.530306752529914,-24.054530365125366,-31.120070786747526,-33.82080451950667,-27.56216300893847
33.6,50.3,69.47024745287774,10.62088975858636,14.597525912350651,-42.43719290973073,-7.035769096289351,-27.033054543003242
33.6,50.4,65.91859634721926,-5.891695352632304,-23.97882778568527,-75.53804389022203,-26.227032774855456,9.619447543146556
33.6,50.5,75.74227753778209,16.013607680470127,5.093321722929755,-72.00094455770045,9.217115538003982,-3.7413329799379254
33.6,50.6,78.01664623253822,-2.8327228105719167,-2.693696657542098,-77.14101533803056,18.73913687959116,-0.8756308943639572
33.6,50.7,45.183956761321475,-3.8911999651084797,1.641128959722061,-68.80284994901916,3.0799635273799115,23.618893187841408
33.6,50.8,88.4865729326792,-0.8963568779358604,-11.124544068757952,-65.89963285892442,-10.908047892413196,-22.58694007361096
33.6,50.9,62.215533655970354,-4.358806418273986,2.1977663870874466,-69.34394416422,-11.748764772976479,7.128410508393334
33.6,51.,99.9909010055902,-1.2759401843777758,60.06727195862127,-87.23090662675699,-47.46203763191105,-12.759994378689466
33.6,51.1,6.775968619208449,23.565403736328683,-8.147759739382538,-123.674852597193,-9.458641767830644,116.8988839781283
33.6,51.2,128.82600932309472,6.115082130823203,62.71451547283737,-106.9450820489711,51.68702271931072,-21.880927273980003
33.6,51.3,-75.25745428297652,-52.2453857306705,-16.089224824477093,-160.33389039661782,42.845008715611215,235.59134467973786
33.6,51.4,172.05103808285418,-47.39541567207669,-84.54778601668747,-89.74107448920554,-50.30343508298469,-82.30996359350499
33.6,51.5,11.893078337057148,0.04350401839329576,77.1452177537992,-98.2535239300562,-57.03015051443416,86.36044559314261
33.6,51.6,42.46320668582952,0.12201780431608622,-55.19536936767818,-158.95029985944433,-41.6284584526116,116.48709317375828
33.6,51.7,44.49631909210439,18.595051114355734,-109.71158242435935,-122.04148569732291,-22.42038145509898,77.54516660536203
33.6,51.8,157.18750205325176,-3.798352232671026,-61.11368253074332,-58.37219600433807,-12.75097118528197,-98.8153060487698
33.6,51.9,100.06502267930051,16.52265121544491,-35.953019671466045,-32.296032568141584,-32.18941606878275,-67.76899011101506
33.6,52.,161.44384632565612,20.510603406059893,57.979786382548475,-47.26698306670427,5.8216706185790805,-114.17686325880823
33.7,50.,-28.112576269236257,11.599248193435429,57.14435384973749,-52.88315567015327,7.933683796247575,80.99573193953314
33.7,50.1,63.767169934428026,3.3008738257819203,-69.97531463672264,-25.03466336501255,-11.84472141803584,-38.73250656927194
33.7,50.2,77.76273271657891,25.937872595303457,34.648545456460575,-38.38777660329735,32.22154910888212,-39.37495611313783
33.7,50.3,14.939815491660461,-18.07617847444652,-23.465209705286483,-54.79027401073857,52.084241182728796,39.85045851922178
33.7,50.4,102.0442656734778,-23.41374712962246,-43.92447872151147,-43.55193324368466,2.433318062273824,-58.492332429649615
33.7,50.5,70.16384541209226,-14.200966931641062,24.93313847154109,-68.32509762096156,-33.4229867787112,-1.8387477909870853
33.7,50.6,87.89757329984566,-1.2719285245647143,-3.391261753494004,-82.02298602150535,-34.28553639085603,-5.874587278196418
33.7,50.7,42.79821497955862,14.102201447112481,20.587524345016096,-98.85771446696349,-27.787320166906838,56.059499487548436
33.7,50.8,88.87399698331436,3.9883648915678975,-40.439717779316155,-68.08215429212149,-7.611583114677261,-20.791842691049325
33.7,50.9,73.64864963138987,25.7794749604482,36.74701455072261,-53.20631041946987,-10.491272663567145,-20.442339211776222
33.7,51.,55.77409067837558,-21.92511438287921,1.9551756775149265,-26.038460933881943,56.94913756290978,-29.735629744349986
33.7,51.1,71.01532120145629,-56.22784036819103,34.327322733553025,-54.261454991685525,-58.17078610392725,-16.75386620962709
33.7,51.2,37.00521665101029,-48.55052755863689,65.69867643949269,-142.32524124761636,-73.83882279084696,105.3200245967498
33.7,51.3,-6.247782972871121,-28.609284693141664,-97.40253739674337,-126.79747967223054,-164.47946716107515,133.04526264524537
33.7,51.4,158.76664572735328,23.412098148156133,-22.19072682898073,-101.66970892111435,-79.5121807289425,-57.096936806095414
33.7,51.5,11.814340648018586,-32.14066654861047,-10.31662686382328,-90.7955238232352,-98.88225480079312,78.98118317536033
33.7,51.6,101.45392399427001,16.301981595844698,-60.628025379995606,-26.103546050975524,-121.02165659928845,-75.35037794315079
33.7,51.7,64.04232238649885,38.41821636313598,-28.046404398463814,-36.577299916529135,-89.151332421139,-27.46502246982606
33.7,51.8,122.65220793761762,43.732868695473194,-25.680585533673955,-53.03160845111553,-18.158756220086907,-69.62059948635833
33.7,51.9,101.75194083454349,11.136003104322734,-36.88251084913603,-52.041537055813,5.164603516483359,-49.710403778586766
33.7,52.,167.91644935453056,12.497848270467838,70.48176065743398,-47.362061866967515,-2.755407770171986,-120.5543874874193
33.8,50.,0.07340392898986181,7.218468186981788,87.94577368538194,-97.45993017157912,8.268786256083617,97.38652624273277
33.8,50.1,35.81663907443005,38.7993697723845,-43.113778280949305,-103.32145043702548,79.47433740605727,67.50481136273919
33.8,50.2,52.481063877922026,-32.55720313669228,15.206987240853774,-79.34492188826522,75.43236660587151,26.863858010486886
33.8,50.3,28.571625574777833,-9.847549259852256,-37.04613292922473,-106.27360986487716,-1.7483367532219467,77.70198429024303
33.8,50.4,80.40512600610758,22.129800153028913,-55.08535437513936,-79.18359786713512,48.76873420638157,-1.2215281388289578
33.8,50.5,75.9221759163966,-26.733463977223888,-22.719110469587473,-35.7083342675359,46.396398555393546,-40.21384164871693
33.8,50.6,99.33061760568069,-21.15277284756229,-28.246452281249365,-37.965831292658855,-20.912073049825896,-61.36478631287828
33.8,50.7,93.9120516783431,8.061753966493164,42.653837999152465,-29.20679358766185,-32.58471636906742,-64.7052580905376
33.8,50.8,58.76467279389116,24.106425172085657,-1.1425177906761337,-49.71448522305633,-3.9028501409400715,-9.0501875706913
33.8,50.9,100.57299634004254,-14.260571552257925,67.76648616953746,-64.22367390443463,8.816455355235874,-36.34932243546426
33.8,51.,-20.369599129067907,5.324751447466223,27.154278852632917,-113.18671882755747,-14.039359416303665,133.5563179567692
33.8,51.1,41.640415585192926,-34.901376731745366,-86.25193197322677,-42.0617875971791,50.56588318598293,0.42137201212982145
33.8,51.2,72.64112640424777,-76.0279226321655,-50.12300630096371,8.283489459762961,-71.15841031940096,-80.92461586386713
33.8,51.3,91.80570130341621,20.590554481112747,-38.27105769665595,28.77484530844515,-65.96392269339209,-120.58054661171755
33.8,51.4,96.06406972860772,-13.57007191305945,-8.191844097038375,10.609979512868165,-30.438259857087335,-106.67404924133228
33.8,51.5,77.17114809704096,17.515528392649607,-4.33372036371697,18.27371028409094,-48.40245544001376,-95.4448583809883
33.8,51.6,81.5473714508918,17.805162631614166,-13.385414777608766,-15.477302678296418,5.159396254709452,-66.07006877245178
33.8,51.7,95.3948596667145,17.183005742506847,-13.732060206280863,-21.19044220076246,7.101677180441193,-74.2044174658083
33.8,51.8,98.48729274275095,12.367331236271298,6.426650874511736,-39.29625450317771,15.964017063779906,-59.191038239429396
33.8,51.9,100.98348027589388,23.413533532339006,-15.757546613466468,-49.73019290589875,21.62371431105554,-51.25328736985154
33.8,52.,146.43766349557268,-4.535263313384442,62.59526448591419,-60.41037631951397,48.63278566256235,-86.02728717591515
33.9,50.,64.08635461624651,-23.962089736102655,29.77840785721362,-41.70797344180528,-59.02768504264373,-22.37838117429763
33.9,50.1,30.16064422387459,0.3782068071055511,77.59592694766764,-98.30913910829888,-72.76272836350807,68.14849488456802
33.9,50.2,-14.924621625836565,4.251968436859639,-55.04328352071052,-137.86864719353122,-59.20427323679486,152.79326881951138
33.9,50.3,97.48430470149592,-1.8773551541537659,-75.21214326320883,-61.05374547113665,-70.36290533188843,-36.43055923021567
33.9,50.4,83.43178259531761,8.165407406625036,32.65407459084105,-84.30806426779198,-92.35517607334816,0.8762816726180316
33.9,50.5,32.98630675916259,35.02296085971545,-29.196934837021963,-112.72793297120032,-35.765674889437314,79.74162621218146
33.9,50.6,113.20199776505876,-2.9607012839805917,-59.448843726255596,-66.70460329886065,19.418965849454203,-46.4973944660545
33.9,50.7,125.47659068942566,7.7932903094530985,40.47567817064509,-65.02396272363835,-20.06360348507784,-60.452627965643494
33.9,50.8,41.505567670247295,16.891730151246872,50.90894607633177,-44.50542641183935,41.39448538969208,2.999858741735807
33.9,50.9,57.255633657470284,-31.417030528802183,-15.889305577197995,-57.12930298714917,20.014515626347176,-0.12633067017745958
33.9,51.,55.621691922506244,-18.469235949966713,53.4778232816344,-27.225925821985953,-10.124513456811924,-28.395766100376775
33.9,51.1,-37.4899287138698,-13.483507574101736,-53.28293975724968,-87.22070616596227,-40.758176869479215,124.71063487997561
33.9,51.2,119.2967834012967,1.2447873298516439,-123.22482738903852,-44.70376782411505,-10.601646873908983,-74.59301557703793
33.9,51.3,109.32095147291535,-19.47571547294236,-5.6672629830878165,-33.1390285491626,-28.441040433387194,-76.18192292360901
33.9,51.4,98.61800389687636,8.037583265434463,-20.569193779162617,-30.002775581102554,-32.057072345920446,-68.61522831563003
33.9,51.5,87.66980213554947,-2.929536992136831,-0.44641679806102097,-30.90298155403265,-19.597829763650253,-56.766820581373125
33.9,51.6,87.57731723426762,8.020474059820689,-10.203473141414378,-20.22262929713697,-20.85957763674009,-67.35468793698685
33.9,51.7,92.36066435234434,0.33534185770811087,-3.2942827354957247,-37.830573050907226,-12.398418318815601,-54.5300913012934
33.9,51.8,99.98861369844258,4.814274138631967,4.186075136230384,-53.87033848722306,-15.55160082555869,-46.118275211075854
33.9,51.9,103.02502302439733,5.769746196053676,11.597440863160076,-68.66298059417751,-6.68007067927266,-34.362042430076194
33.9,52.,88.88496317867472,-11.103397829951493,33.32209012174093,-77.40307166241938,-8.699136774420253,-11.481891516111702
34.,50.,-17.009016704053977,-26.059235002222984,25.71037588048417,-5.048304990992435,113.80319765319828,22.057321695190026
34.,50.1,89.15334145328906,-53.22582783942535,-47.95974111925154,-13.616841741656806,-21.840314713461854,-75.53649971148859
34.,50.2,42.589965925260096,44.04958059930117,25.68050329647469,30.394567056208558,-10.032650029312109,-72.98453298132493
34.,50.3,55.30918083753803,52.75669275166284,-17.70016883328355,3.1691679596688402,85.65908688050929,-58.47834879706324
34.,50.4,46.94441563574788,-12.674836579858592,-34.959854687364746,47.8314298657742,154.79065144145852,-94.77584550137841
34.,50.5,91.82305926631906,-61.21091712608989,2.571055854272023,20.519846331400146,11.610340357775764,-112.34290559757555
34.,50.6,83.67205211189629,30.10244803653192,-37.36645718097302,-38.984036587210014,-24.393408292886342,-44.68801552454268
34.,50.7,150.20222962737745,-2.262104874912502,78.98811358636324,-16.2354973930942,68.38715432203104,-133.96673223413947
34.,50.8,-10.63854585650482,-43.232737079124476,47.27817532820846,-114.47525055918051,1.6001282898213587,125.11379641582907
34.,50.9,93.59371952538169,2.397980538168299,-26.038435501855936,-92.78214556741828,-12.727957132874089,-0.8115739578195678
34.,51.,21.485563875315584,-4.375131045303458,10.567277055042183,-99.24305849702955,-6.863936135701533,77.75749462185775
34.,51.1,30.360952255886666,29.55817844015786,-78.98456331983996,2.2081764610701953,27.81345373009843,-32.56912871681324
34.,51.2,87.9981411105139,7.920667845283212,-81.81292582159823,0.7077895640383787,46.72141714274098,-88.70593067440866
34.,51.3,120.8376806124776,24.37993286160971,-27.60500986380704,37.56678268323999,81.03420727213519,-158.40446329557392
34.,51.4,92.91454626708791,-15.776574580288809,-16.34365747176752,32.44362781952833,86.73641196579355,-125.35817408647252
34.,51.5,99.69607065992379,3.699014850135807,12.574745678647519,19.606581667968413,82.09848814670475,-119.30265232774856
34.,51.6,72.68923961917184,-13.356347735050072,-11.463956419318595,-8.610634669358681,78.78371738534412,-64.07860494966947
34.,51.7,94.20302495607002,-4.90948092100774,-15.831784067573953,-9.54721282199987,61.97814040320034,-84.65581213392647
34.,51.8,101.60580387170336,-5.906231449489759,-4.362693439939207,-10.147864623356192,58.86164714246792,-91.4579392482036
34.,51.9,99.13607598345662,-15.757939284104623,4.056781116802407,-22.69116864320023,42.89281162717856,-76.44490734011265
34.,52.,107.54033662086317,33.01099484069334,50.58461843364643,-17.575778688290853,41.83577579201219,-89.96455793242868
